S-No,Employee-Name,Age,Q1,Q2,Q3,Q4,Q5,Q6,Q7,Q8,Q9,Q10,Q11,Q12,Q13,Q14,Q15,Q16,Q17,Q18,Q19,Q20
1,John Doe,18-19,a,b,c,d,a,b,c,d,a,b,c,d,a,b,c,d,a,b,c,d
2,Jane Smith,20-39,c,d,a,b,c,d,a,b,c,d,a,b,c,d,a,b,c,d,a,b
3,Michael Johnson,40-59,d,a,b,c,d,a,b,c,d,a,b,c,d,a,b,c,d,a,b,c
4,Emily Davis,20-39,b,c,d,a,b,c,d,a,b,c,d,a,b,c,d,a,b,c,d,a
5,Robert Brown,40-59,c,d,a,b,c,d,a,b,c,d,a,b,c,d,a,b,c,d,a,b
6,Amy White,20-39,b,c,d,a,b,c,d,a,b,c,d,a,b,c,d,a,b,c,d,a
7,Christopher Lee,20-39,a,b,c,d,a,b,c,d,a,b,c,d,a,b,c,d,a,b,c,d
8,Olivia Martin,40-59,c,d,a,b,c,d,a,b,c,d,a,b,c,d,a,b,c,d,a,b
9,David Wilson,20-39,b,c,d,a,b,c,d,a,b,c,d,a,b,c,d,a,b,c,d,a
10,Emma Taylor,20-39,a,b,c,d,a,b,c,d,a,b,c,d,a,b,c,d,a,b,c,d
11,William Anderson,18-19,c,d,a,b,c,d,a,b,c,d,a,b,c,d,a,b,c,d,a,b
12,Sophia Moore,40-59,d,a,b,c,d,a,b,c,d,a,b,c,d,a,b,c,d,a,b,c
13,Aiden Robinson,20-39,a,b,c,d,a,b,c,d,a,b,c,d,a,b,c,d,a,b,c,d
14,Chloe Jackson,40-59,b,c,d,a,b,c,d,a,b,c,d,a,b,c,d,a,b,c,d,a
15,James Harris,18-19,c,d,a,b,c,d,a,b,c,d,a,b,c,d,a,b,c,d,a,b
16,Ava Evans,20-39,d,a,b,c,d,a,b,c,d,a,b,c,d,a,b,c,d,a,b,c
17,Matthew Thompson,40-59,a,b,c,d,a,b,c,d,a,b,c,d,a,b,c,d,a,b,c,d
18,Grace Walker,18-19,c,d,a,b,c,d,a,b,c,d,a,b,c,d,a,b,c,d,a,b
19,Liam Garcia,20-39,a,b,c,d,a,b,c,d,a,b,c,d,a,b,c,d,a,b,c,d
20,Sofia Hernandez,40-59,c,d,a,b,c,d,a,b,c,d,a,b,c,d,a,b,c,d,a,b
21,Abigail Nelson,18-19,b,c,d,a,b,c,d,a,b,c,d,a,b,c,d,a,b,c,d,a
22,Michael Foster,20-39,c,d,a,b,c,d,a,b,c,d,a,b,c,d,a,b,c,d,a,b
23,Sophia Simmons,40-59,d,a,b,c,d,a,b,c,d,a,b,c,d,a,b,c,d,a,b,c
24,Joseph Foster,18-19,a,b,c,d,a,b,c,d,a,b,c,d,a,b,c,d,a,b,c,d
25,Logan Cooper,40-59,a,b,c,d,a,b,c,d,a,b,c,d,a,b,c,d,a,b,c,d
26,Matthew Turner,20-39,a,b,c,d,a,b,c,d,a,b,c,d,a,b,c,d,a,b,c,d
27,Emma Turner,20-39,c,d,a,b,c,d,a,b,c,d,a,b,c,d,a,b,c,d,a,b
28,Ashley Perez,18-19,a,b,c,d,a,b,c,d,a,b,c,d,a,b,c,d,a,b,c,d
29,Benjamin Hall,20-39,b,c,d,a,b,c,d,a,b,c,d,a,b,c,d,a,b,c,d,a
30,Charlotte Green,40-59,c,d,a,b,c,d,a,b,c,d,a,b,c,d,a,b,c,d,a,b
31,Daniel Turner,18-19,d,a,b,c,d,a,b,c,d,a,b,c,d,a,b,c,d,a,b,c
32,Lily Baker,20-39,a,b,c,d,a,b,c,d,a,b,c,d,a,b,c,d,a,b,c,d
33,Jacob Reed,40-59,c,d,a,b,c,d,a,b,c,d,a,b,c,d,a,b,c,d,a,b
34,Ella Ward,18-19,d,a,b,c,d,a,b,c,d,a,b,c,d,a,b,c,d,a,b,c
35,Christopher King,20-39,b,c,d,a,b,c,d,a,b,c,d,a,b,c,d,a,b,c,d,a
36,Isabella Carter,40-59,a,b,c,d,a,b,c,d,a,b,c,d,a,b,c,d,a,b,c,d
37,Andrew Cooper,18-19,c,d,a,b,c,d,a,b,c,d,a,b,c,d,a,b,c,d,a,b
38,Mia Collins,20-39,d,a,b,c,d,a,b,c,d,a,b,c,d,a,b,c,d,a,b,c
39,Jack Hill,40-59,a,b,c,d,a,b,c,d,a,b,c,d,a,b,c,d,a,b,c,d
40,Amelia Ross,18-19,c,d,a,b,c,d,a,b,c,d,a,b,c,d,a,b,c,d,a,b
41,Lucas Wright,20-39,d,a,b,c,d,a,b,c,d,a,b,c,d,a,b,c,d,a,b,c
42,Samantha Hayes,40-59,a,b,c,d,a,b,c,d,a,b,c,d,a,b,c,d,a,b,c,d
43,Nathan Wood,18-19,c,d,a,b,c,d,a,b,c,d,a,b,c,d,a,b,c,d,a,b
44,Ava Bennett,20-39,d,a,b,c,d,a,b,c,d,a,b,c,d,a,b,c,d,a,b,c
45,Sophia Turner,40-59,a,b,c,d,a,b,c,d,a,b,c,d,a,b,c,d,a,b,c,d
46,Abigail Nelson,18-19,b,c,d,a,b,c,d,a,b,c,d,a,b,c,d,a,b,c,d,a
47,Michael Foster,20-39,c,d,a,b,c,d,a,b,c,d,a,b,c,d,a,b,c,d,a,b
48,Daniel Turner,40-59,d,a,b,c,d,a,b,c,d,a,b,c,d,a,b,c,d,a,b,c
49,Ava Turner,18-19,a,b,c,d,a,b,c,d,a,b,c,d,a,b,c,d,a,b,c,d
50,Benjamin Turner,20-39,b,c,d,a,b,c,d,a,b,c,d,a,b,c,d,a,b,c,d,a
